{
  "info_section": {
    "table_id": "0xfc",
    "section_syntax_indicator": false,
    "private": false,
    "reserved": "0x3",
    "section_length": 60,
    "protocol_version": 0,
    "encrypted_packet": false,
    "encryption_algorithm": 0,
    "pts_adjustment": 0.0,
    "cw_index": "0x0",
    "tier": "0xfff",
    "splice_command_length": 5,
    "splice_command_type": 6,
    "descriptor_loop_length": 38,
    "crc": "0xfc303c00"
  },
  "command": {
    "time_specified_flag": true,
    "pts_time": 55062.312567,
    "name": "Time Signal"
  },
  "descriptors": [
    {
      "tag": 2,
      "identifier": "CUEI",
      "name": "Segmentation Descriptor",
      "segmentation_event_id": "0x889b9b",
      "segmentation_event_cancel_indicator": false,
      "program_segmentation_flag": true,
      "segmentation_duration_flag": true,
      "delivery_not_restricted_flag": true,
      "segmentation_duration": 149.983167,
      "segmentation_upid_type": 12,
      "segmentation_upid_length": 16,
      "segmentation_upid": "MPU:{'format identifier': 1145656131, 'private data': 15223021483456894843313797433}",
      "segmentation_type_id": 48,
      "segmentation_message": "Provider Advertisement Start",
      "segment_num": 1,
      "segments_expected": 1,
      "descriptor_length": 36
    }
  ]
}