{
    "splice_command_type": 5,
    "template": {
        "splice_event_id": 32,
        "splice_event_cancel_indicator": 0,
        "reserved": {
            "out_of_network_indicator": true,
            "program_splice_flag": null,
            "splice_immediate_flag": false,
            "duration_flag": true,
            "break_duration": {
                "auto_return": true,
                "duration": [30, 120]
            },
            "unique_program_id": null,
            "avail_num": null,
            "avails_expected": null
        }
    }
}