{
    "placement_opportunity": {
        "placement_opportunity_start": {
            "splice_command_type": 6,
            "segmentation_event_id": "0x8c9b81e3",
            "segmentation_event_cancel_indicator": false,
            "program_segmentation_flag": true,
            "duration_flag": true,
            "delivery_not_restricted_flag": true,
            "segmentation_duration_min": 223.0,
            "segmentation_duration_max": 227.0,
            "segmentation_upid_type": 8,
            "segmentation_upid_length": 8,
            "segmentation_upid": "AiringID:0x504398c9b81e3",
            "segmentation_type_id": 52,
            "segment_num": 6,
            "segments_expected": 11,
            "sub_segment_num": 2,
            "sub_segments_expected": 41
        },
        "placement_opportunity_end": {
            "splice_command_type": 6,
            "segmentation_event_id": "0x8c9b81c4",
            "segmentation_event_cancel_indicator": false,
            "program_segmentation_flag": true,
            "duration_flag": false,
            "delivery_not_restricted_flag": true,
            "segmentation_upid_type": 8,
            "segmentation_upid_length": 8,
            "segmentation_upid": "AiringID:0x504398c9b81c4",
            "segmentation_type_id": 53,
            "segment_num": 0,
            "segments_expected": 0
        },
        "content_id": {
            "segmentation_event_id": "0x0",
            "segmentation_event_cancel_indicator": false,
            "program_segmentation_flag": true,
            "duration_flag": false,
            "delivery_not_restricted_flag": true,
            "segmentation_upid_type": 12,
            "segmentation_upid_length": 26,
            "segmentation_upid": "MPU:{'format identifier': 1447906901, 'private data': 606902368884143826527838354124311166167554188027312}",
            "segmentation_type_id": 1
        }
    }
}